{
"meta":{"test_sets":[],"test_metrics":[],"learn_metrics":[{"best_value":"Min","name":"Logloss"}],"launch_mode":"Train","parameters":"","iteration_count":100,"learn_sets":["learn"],"name":"experiment"},
"iterations":[
{"learn":[0.6237828939],"iteration":0,"passed_time":0.1585466393,"remaining_time":15.69611729},
{"learn":[0.5672344423],"iteration":1,"passed_time":0.1679766032,"remaining_time":8.230853558},
{"learn":[0.5196979435],"iteration":2,"passed_time":0.1772464696,"remaining_time":5.730969183},
{"learn":[0.4787175715],"iteration":3,"passed_time":0.1862477926,"remaining_time":4.469947023},
{"learn":[0.4439546046],"iteration":4,"passed_time":0.1950391781,"remaining_time":3.705744383},
{"learn":[0.4145050335],"iteration":5,"passed_time":0.2045863261,"remaining_time":3.205185775},
{"learn":[0.3887116558],"iteration":6,"passed_time":0.213247654,"remaining_time":2.833147404},
{"learn":[0.3658807784],"iteration":7,"passed_time":0.2224879264,"remaining_time":2.558611154},
{"learn":[0.3454378282],"iteration":8,"passed_time":0.23184465,"remaining_time":2.344207017},
{"learn":[0.3275396977],"iteration":9,"passed_time":0.2407254619,"remaining_time":2.166529157},
{"learn":[0.3116738249],"iteration":10,"passed_time":0.2513878117,"remaining_time":2.033955931},
{"learn":[0.2973188003],"iteration":11,"passed_time":0.2597845509,"remaining_time":1.905086707},
{"learn":[0.2851197861],"iteration":12,"passed_time":0.2685281143,"remaining_time":1.797072765},
{"learn":[0.2742750713],"iteration":13,"passed_time":0.2781415437,"remaining_time":1.708583768},
{"learn":[0.264740264],"iteration":14,"passed_time":0.2862798006,"remaining_time":1.622252203},
{"learn":[0.2559198087],"iteration":15,"passed_time":0.2965691614,"remaining_time":1.556988097},
{"learn":[0.2474637768],"iteration":16,"passed_time":0.3075511159,"remaining_time":1.501573095},
{"learn":[0.2396835265],"iteration":17,"passed_time":0.3181833828,"remaining_time":1.449502077},
{"learn":[0.2330562216],"iteration":18,"passed_time":0.3274721473,"remaining_time":1.39606547},
{"learn":[0.2267590034],"iteration":19,"passed_time":0.3388251631,"remaining_time":1.355300652},
{"learn":[0.2213563491],"iteration":20,"passed_time":0.3490965979,"remaining_time":1.313268154},
{"learn":[0.2164343958],"iteration":21,"passed_time":0.3574105276,"remaining_time":1.26718278},
{"learn":[0.2119471842],"iteration":22,"passed_time":0.367016938,"remaining_time":1.228708879},
{"learn":[0.207863348],"iteration":23,"passed_time":0.3775001163,"remaining_time":1.195417035},
{"learn":[0.203780597],"iteration":24,"passed_time":0.3859386293,"remaining_time":1.157815888},
{"learn":[0.1983814204],"iteration":25,"passed_time":0.3967633381,"remaining_time":1.129249501},
{"learn":[0.1936911054],"iteration":26,"passed_time":0.408372627,"remaining_time":1.104118584},
{"learn":[0.1894946909],"iteration":27,"passed_time":0.4195198341,"remaining_time":1.078765288},
{"learn":[0.1864201549],"iteration":28,"passed_time":0.427919251,"remaining_time":1.047664373},
{"learn":[0.1841250395],"iteration":29,"passed_time":0.4393414255,"remaining_time":1.025129993},
{"learn":[0.1813236325],"iteration":30,"passed_time":0.4485868733,"remaining_time":0.9984675568},
{"learn":[0.1776999294],"iteration":31,"passed_time":0.4594965948,"remaining_time":0.976430264},
{"learn":[0.1741134025],"iteration":32,"passed_time":0.4711710764,"remaining_time":0.9566200643},
{"learn":[0.1708180388],"iteration":33,"passed_time":0.4820884487,"remaining_time":0.9358187534},
{"learn":[0.1682364839],"iteration":34,"passed_time":0.4930715849,"remaining_time":0.915704372},
{"learn":[0.1657279996],"iteration":35,"passed_time":0.5031856855,"remaining_time":0.8945523298},
{"learn":[0.1625697056],"iteration":36,"passed_time":0.5151437856,"remaining_time":0.877136716},
{"learn":[0.1604360989],"iteration":37,"passed_time":0.5250027629,"remaining_time":0.8565834553},
{"learn":[0.1579016539],"iteration":38,"passed_time":0.5353958732,"remaining_time":0.8374140582},
{"learn":[0.1555384527],"iteration":39,"passed_time":0.546250523,"remaining_time":0.8193757845},
{"learn":[0.1532009382],"iteration":40,"passed_time":0.5574879086,"remaining_time":0.8022386977},
{"learn":[0.1512026658],"iteration":41,"passed_time":0.567493179,"remaining_time":0.7836810567},
{"learn":[0.1497566141],"iteration":42,"passed_time":0.5781451414,"remaining_time":0.7663784433},
{"learn":[0.1478095791],"iteration":43,"passed_time":0.5881931007,"remaining_time":0.7486094009},
{"learn":[0.146419981],"iteration":44,"passed_time":0.5987729644,"remaining_time":0.7318336232},
{"learn":[0.144270453],"iteration":45,"passed_time":0.6103332799,"remaining_time":0.7164781982},
{"learn":[0.1427079458],"iteration":46,"passed_time":0.6191512775,"remaining_time":0.6981918661},
{"learn":[0.1411836849],"iteration":47,"passed_time":0.6307393406,"remaining_time":0.6833009523},
{"learn":[0.1401739953],"iteration":48,"passed_time":0.6407493729,"remaining_time":0.6669024086},
{"learn":[0.1390313663],"iteration":49,"passed_time":0.6514720916,"remaining_time":0.6514720916},
{"learn":[0.1379277306],"iteration":50,"passed_time":0.6599574941,"remaining_time":0.6340768081},
{"learn":[0.1367205481],"iteration":51,"passed_time":0.6689837568,"remaining_time":0.6175234678},
{"learn":[0.1349923478],"iteration":52,"passed_time":0.6795025523,"remaining_time":0.602577735},
{"learn":[0.1334131541],"iteration":53,"passed_time":0.6891882819,"remaining_time":0.5870863142},
{"learn":[0.1322355153],"iteration":54,"passed_time":0.6979401384,"remaining_time":0.5710419314},
{"learn":[0.1314571744],"iteration":55,"passed_time":0.7075360207,"remaining_time":0.5559211591},
{"learn":[0.1306483358],"iteration":56,"passed_time":0.7166451605,"remaining_time":0.5406270509},
{"learn":[0.1296856855],"iteration":57,"passed_time":0.7285664206,"remaining_time":0.5275825804},
{"learn":[0.1281487292],"iteration":58,"passed_time":0.7382671719,"remaining_time":0.5130331195},
{"learn":[0.1272976081],"iteration":59,"passed_time":0.7484953569,"remaining_time":0.4989969046},
{"learn":[0.1268215666],"iteration":60,"passed_time":0.7593837493,"remaining_time":0.485507643},
{"learn":[0.1251571643],"iteration":61,"passed_time":0.7701621814,"remaining_time":0.4720348854},
{"learn":[0.1238340779],"iteration":62,"passed_time":0.7808073965,"remaining_time":0.4585694233},
{"learn":[0.1225332767],"iteration":63,"passed_time":0.7923754423,"remaining_time":0.4457111863},
{"learn":[0.1213498042],"iteration":64,"passed_time":0.8032044235,"remaining_time":0.4324946896},
{"learn":[0.1204154031],"iteration":65,"passed_time":0.8135322916,"remaining_time":0.4190923926},
{"learn":[0.1190626485],"iteration":66,"passed_time":0.8241264347,"remaining_time":0.4059130201},
{"learn":[0.11793706],"iteration":67,"passed_time":0.8347167476,"remaining_time":0.3928078812},
{"learn":[0.1169013681],"iteration":68,"passed_time":0.8447224592,"remaining_time":0.3795129889},
{"learn":[0.1162267353],"iteration":69,"passed_time":0.8552849648,"remaining_time":0.3665506992},
{"learn":[0.1151749043],"iteration":70,"passed_time":0.8662600175,"remaining_time":0.3538245142},
{"learn":[0.1140554721],"iteration":71,"passed_time":0.8784283187,"remaining_time":0.3416110128},
{"learn":[0.1132157011],"iteration":72,"passed_time":0.8886645452,"remaining_time":0.3286841469},
{"learn":[0.111973369],"iteration":73,"passed_time":0.8994900458,"remaining_time":0.3160370431},
{"learn":[0.1111095669],"iteration":74,"passed_time":0.9084883515,"remaining_time":0.3028294505},
{"learn":[0.1106226766],"iteration":75,"passed_time":0.9182496687,"remaining_time":0.2899735796},
{"learn":[0.1096228131],"iteration":76,"passed_time":0.9303241307,"remaining_time":0.277889026},
{"learn":[0.1088456829],"iteration":77,"passed_time":0.9408231933,"remaining_time":0.2653603878},
{"learn":[0.1079841316],"iteration":78,"passed_time":0.95218854,"remaining_time":0.2531134094},
{"learn":[0.1075373529],"iteration":79,"passed_time":0.9627610939,"remaining_time":0.2406902735},
{"learn":[0.10668635],"iteration":80,"passed_time":0.9736528179,"remaining_time":0.228387698},
{"learn":[0.1064544301],"iteration":81,"passed_time":0.9836462244,"remaining_time":0.2159223419},
{"learn":[0.1057514379],"iteration":82,"passed_time":0.9943507028,"remaining_time":0.2036621921},
{"learn":[0.10530696],"iteration":83,"passed_time":1.00391961,"remaining_time":0.1912227828},
{"learn":[0.1044977134],"iteration":84,"passed_time":1.014129955,"remaining_time":0.1789641098},
{"learn":[0.1036505178],"iteration":85,"passed_time":1.02534532,"remaining_time":0.16691668},
{"learn":[0.1033869503],"iteration":86,"passed_time":1.035610808,"remaining_time":0.1547464425},
{"learn":[0.1028558099],"iteration":87,"passed_time":1.04559876,"remaining_time":0.1425816491},
{"learn":[0.1023868303],"iteration":88,"passed_time":1.056407685,"remaining_time":0.130567242},
{"learn":[0.1018887712],"iteration":89,"passed_time":1.066765375,"remaining_time":0.1185294862},
{"learn":[0.1017080795],"iteration":90,"passed_time":1.076286946,"remaining_time":0.1064459617},
{"learn":[0.1009272225],"iteration":91,"passed_time":1.087338839,"remaining_time":0.09455120336},
{"learn":[0.1005000644],"iteration":92,"passed_time":1.098071474,"remaining_time":0.08265054103},
{"learn":[0.09982317808],"iteration":93,"passed_time":1.108338195,"remaining_time":0.07074499114},
{"learn":[0.09960570647],"iteration":94,"passed_time":1.117794712,"remaining_time":0.05883130066},
{"learn":[0.09890432794],"iteration":95,"passed_time":1.128696795,"remaining_time":0.04702903314},
{"learn":[0.0985826684],"iteration":96,"passed_time":1.138157744,"remaining_time":0.03520075498},
{"learn":[0.0980330288],"iteration":97,"passed_time":1.148663214,"remaining_time":0.02344210641},
{"learn":[0.09752684229],"iteration":98,"passed_time":1.15953075,"remaining_time":0.01171243181},
{"learn":[0.09691645442],"iteration":99,"passed_time":1.171119787,"remaining_time":0}
]}